{"accuracy": 0.89625, "f1": 0.8222698072805139}